<?xml version="1.0" encoding="UTF-8"?>
<beans xmlns="http://www.springframework.org/schema/beans"
       xmlns:xsi="http://www.w3.org/2001/XMLSchema-instance"
       xsi:schemaLocation="
        http://www.springframework.org/schema/beans http://www.springframework.org/schema/beans/spring-beans.xsd">

     <!--<bean id="alien" class="com.venkat.Alien" scope="prototype">
     </bean> -->

     <bean id="alien" class="com.venkat.Alien" autowire="byName">
<!--          <constructor-arg name="age" value="21" />-->
<!--          <constructor-arg name="com" ref="lap1"-->
<!--                    <constructor-arg index="0" value="21" />-->
<!--                 <constructor-arg index="1" ref="lap1" />-->
          <property name="age" value="21"></property>
<!--          <property name="com" ref="lap1"></property>-->

          <!--<constructor-arg type="int" value="21" />
          <constructor-arg type="com.venkat.Laptop" ref="lap1" />-->
     </bean>

     <bean id="com" class="com.venkat.Laptop" primary="true">
     </bean>
     <bean id="com1" class="com.venkat.Desktop">
     </bean>
</beans>